country,iso2c,iso3c,year,gdp_growth_rate,status,lastupdated,region,capital,longitude,latitude,income,lending
China,CN,CHN,2021,8.1097925807738,,2022-12-22,East Asia & Pacific,Beijing,116.286,40.0495,Upper middle income,IBRD
China,CN,CHN,2020,2.23970185692298,,2022-12-22,East Asia & Pacific,Beijing,116.286,40.0495,Upper middle income,IBRD
China,CN,CHN,2019,5.9505007536746,,2022-12-22,East Asia & Pacific,Beijing,116.286,40.0495,Upper middle income,IBRD
China,CN,CHN,2018,6.74977383254181,,2022-12-22,East Asia & Pacific,Beijing,116.286,40.0495,Upper middle income,IBRD
China,CN,CHN,2017,6.94720079330668,,2022-12-22,East Asia & Pacific,Beijing,116.286,40.0495,Upper middle income,IBRD
China,CN,CHN,2016,6.84876220493844,,2022-12-22,East Asia & Pacific,Beijing,116.286,40.0495,Upper middle income,IBRD
China,CN,CHN,2015,7.04132887877194,,2022-12-22,East Asia & Pacific,Beijing,116.286,40.0495,Upper middle income,IBRD
China,CN,CHN,2014,7.42576365632598,,2022-12-22,East Asia & Pacific,Beijing,116.286,40.0495,Upper middle income,IBRD
China,CN,CHN,2013,7.76615009763002,,2022-12-22,East Asia & Pacific,Beijing,116.286,40.0495,Upper middle income,IBRD
China,CN,CHN,2012,7.86373644864966,,2022-12-22,East Asia & Pacific,Beijing,116.286,40.0495,Upper middle income,IBRD
China,CN,CHN,2011,9.55083217886425,,2022-12-22,East Asia & Pacific,Beijing,116.286,40.0495,Upper middle income,IBRD
China,CN,CHN,2010,10.6358710645426,,2022-12-22,East Asia & Pacific,Beijing,116.286,40.0495,Upper middle income,IBRD
China,CN,CHN,2009,9.39872563258297,,2022-12-22,East Asia & Pacific,Beijing,116.286,40.0495,Upper middle income,IBRD
China,CN,CHN,2008,9.65067891934387,,2022-12-22,East Asia & Pacific,Beijing,116.286,40.0495,Upper middle income,IBRD
China,CN,CHN,2007,14.2308609332879,,2022-12-22,East Asia & Pacific,Beijing,116.286,40.0495,Upper middle income,IBRD
China,CN,CHN,2006,12.7209556651723,,2022-12-22,East Asia & Pacific,Beijing,116.286,40.0495,Upper middle income,IBRD
China,CN,CHN,2005,11.3945918098662,,2022-12-22,East Asia & Pacific,Beijing,116.286,40.0495,Upper middle income,IBRD
China,CN,CHN,2004,10.1136213778964,,2022-12-22,East Asia & Pacific,Beijing,116.286,40.0495,Upper middle income,IBRD
China,CN,CHN,2003,10.0380304808371,,2022-12-22,East Asia & Pacific,Beijing,116.286,40.0495,Upper middle income,IBRD
China,CN,CHN,2002,9.13363078988934,,2022-12-22,East Asia & Pacific,Beijing,116.286,40.0495,Upper middle income,IBRD
China,CN,CHN,2001,8.33573347821324,,2022-12-22,East Asia & Pacific,Beijing,116.286,40.0495,Upper middle income,IBRD
China,CN,CHN,2000,8.49009340601468,,2022-12-22,East Asia & Pacific,Beijing,116.286,40.0495,Upper middle income,IBRD
China,CN,CHN,1999,7.66165150045002,,2022-12-22,East Asia & Pacific,Beijing,116.286,40.0495,Upper middle income,IBRD
China,CN,CHN,1998,7.84595178733933,,2022-12-22,East Asia & Pacific,Beijing,116.286,40.0495,Upper middle income,IBRD
China,CN,CHN,1997,9.23677989169124,,2022-12-22,East Asia & Pacific,Beijing,116.286,40.0495,Upper middle income,IBRD
China,CN,CHN,1996,9.92255675288459,,2022-12-22,East Asia & Pacific,Beijing,116.286,40.0495,Upper middle income,IBRD
China,CN,CHN,1995,10.9539543420185,,2022-12-22,East Asia & Pacific,Beijing,116.286,40.0495,Upper middle income,IBRD
China,CN,CHN,1994,13.0368066326902,,2022-12-22,East Asia & Pacific,Beijing,116.286,40.0495,Upper middle income,IBRD
China,CN,CHN,1993,13.8837293020436,,2022-12-22,East Asia & Pacific,Beijing,116.286,40.0495,Upper middle income,IBRD
China,CN,CHN,1992,14.2245295924457,,2022-12-22,East Asia & Pacific,Beijing,116.286,40.0495,Upper middle income,IBRD
China,CN,CHN,1991,9.26278608462174,,2022-12-22,East Asia & Pacific,Beijing,116.286,40.0495,Upper middle income,IBRD
China,CN,CHN,1990,3.92025136776569,,2022-12-22,East Asia & Pacific,Beijing,116.286,40.0495,Upper middle income,IBRD
China,CN,CHN,1989,4.20633435547815,,2022-12-22,East Asia & Pacific,Beijing,116.286,40.0495,Upper middle income,IBRD
China,CN,CHN,1988,11.222594982521,,2022-12-22,East Asia & Pacific,Beijing,116.286,40.0495,Upper middle income,IBRD
China,CN,CHN,1987,11.6574277931357,,2022-12-22,East Asia & Pacific,Beijing,116.286,40.0495,Upper middle income,IBRD
China,CN,CHN,1986,8.94996176438008,,2022-12-22,East Asia & Pacific,Beijing,116.286,40.0495,Upper middle income,IBRD
China,CN,CHN,1985,13.4306775204064,,2022-12-22,East Asia & Pacific,Beijing,116.286,40.0495,Upper middle income,IBRD
China,CN,CHN,1984,15.1915400236134,,2022-12-22,East Asia & Pacific,Beijing,116.286,40.0495,Upper middle income,IBRD
China,CN,CHN,1983,10.7702025065715,,2022-12-22,East Asia & Pacific,Beijing,116.286,40.0495,Upper middle income,IBRD
China,CN,CHN,1982,9.01711391382203,,2022-12-22,East Asia & Pacific,Beijing,116.286,40.0495,Upper middle income,IBRD
China,CN,CHN,1981,5.11276109058912,,2022-12-22,East Asia & Pacific,Beijing,116.286,40.0495,Upper middle income,IBRD
China,CN,CHN,1980,7.83414501593799,,2022-12-22,East Asia & Pacific,Beijing,116.286,40.0495,Upper middle income,IBRD
China,CN,CHN,1979,7.5913246800003,,2022-12-22,East Asia & Pacific,Beijing,116.286,40.0495,Upper middle income,IBRD
China,CN,CHN,1978,11.3259779879134,,2022-12-22,East Asia & Pacific,Beijing,116.286,40.0495,Upper middle income,IBRD
China,CN,CHN,1977,7.57000000137049,,2022-12-22,East Asia & Pacific,Beijing,116.286,40.0495,Upper middle income,IBRD
China,CN,CHN,1976,-1.5700000016835,,2022-12-22,East Asia & Pacific,Beijing,116.286,40.0495,Upper middle income,IBRD
China,CN,CHN,1975,8.71999999750163,,2022-12-22,East Asia & Pacific,Beijing,116.286,40.0495,Upper middle income,IBRD
China,CN,CHN,1974,2.31000000295589,,2022-12-22,East Asia & Pacific,Beijing,116.286,40.0495,Upper middle income,IBRD
China,CN,CHN,1973,7.76000000082682,,2022-12-22,East Asia & Pacific,Beijing,116.286,40.0495,Upper middle income,IBRD
China,CN,CHN,1972,3.81000000021395,,2022-12-22,East Asia & Pacific,Beijing,116.286,40.0495,Upper middle income,IBRD
China,CN,CHN,1971,7.05999999854134,,2022-12-22,East Asia & Pacific,Beijing,116.286,40.0495,Upper middle income,IBRD
China,CN,CHN,1970,19.2999999967145,,2022-12-22,East Asia & Pacific,Beijing,116.286,40.0495,Upper middle income,IBRD
China,CN,CHN,1969,16.9399999960691,,2022-12-22,East Asia & Pacific,Beijing,116.286,40.0495,Upper middle income,IBRD
China,CN,CHN,1968,-4.09999998651148,,2022-12-22,East Asia & Pacific,Beijing,116.286,40.0495,Upper middle income,IBRD
China,CN,CHN,1967,-5.77000000405035,,2022-12-22,East Asia & Pacific,Beijing,116.286,40.0495,Upper middle income,IBRD
China,CN,CHN,1966,10.6499999984073,,2022-12-22,East Asia & Pacific,Beijing,116.286,40.0495,Upper middle income,IBRD
China,CN,CHN,1965,16.9500000039607,,2022-12-22,East Asia & Pacific,Beijing,116.286,40.0495,Upper middle income,IBRD
China,CN,CHN,1964,18.1799999937238,,2022-12-22,East Asia & Pacific,Beijing,116.286,40.0495,Upper middle income,IBRD
China,CN,CHN,1963,10.2999999964787,,2022-12-22,East Asia & Pacific,Beijing,116.286,40.0495,Upper middle income,IBRD
China,CN,CHN,1962,-5.57999999020275,,2022-12-22,East Asia & Pacific,Beijing,116.286,40.0495,Upper middle income,IBRD
China,CN,CHN,1961,-27.2700000039227,,2022-12-22,East Asia & Pacific,Beijing,116.286,40.0495,Upper middle income,IBRD
China,CN,CHN,1960,NA,,2022-12-22,East Asia & Pacific,Beijing,116.286,40.0495,Upper middle income,IBRD
India,IN,IND,2021,8.68122873083119,,2022-12-22,South Asia,New Delhi,77.225,28.6353,Lower middle income,IBRD
India,IN,IND,2020,-6.59608052232176,,2022-12-22,South Asia,New Delhi,77.225,28.6353,Lower middle income,IBRD
India,IN,IND,2019,3.73791851955785,,2022-12-22,South Asia,New Delhi,77.225,28.6353,Lower middle income,IBRD
India,IN,IND,2018,6.45385134497769,,2022-12-22,South Asia,New Delhi,77.225,28.6353,Lower middle income,IBRD
India,IN,IND,2017,6.79538341897911,,2022-12-22,South Asia,New Delhi,77.225,28.6353,Lower middle income,IBRD
India,IN,IND,2016,8.25630550179086,,2022-12-22,South Asia,New Delhi,77.225,28.6353,Lower middle income,IBRD
India,IN,IND,2015,7.99625378571471,,2022-12-22,South Asia,New Delhi,77.225,28.6353,Lower middle income,IBRD
India,IN,IND,2014,7.41022760508854,,2022-12-22,South Asia,New Delhi,77.225,28.6353,Lower middle income,IBRD
India,IN,IND,2013,6.38610640094825,,2022-12-22,South Asia,New Delhi,77.225,28.6353,Lower middle income,IBRD
India,IN,IND,2012,5.45638875297365,,2022-12-22,South Asia,New Delhi,77.225,28.6353,Lower middle income,IBRD
India,IN,IND,2011,5.24131500140663,,2022-12-22,South Asia,New Delhi,77.225,28.6353,Lower middle income,IBRD
India,IN,IND,2010,8.49758470158106,,2022-12-22,South Asia,New Delhi,77.225,28.6353,Lower middle income,IBRD
India,IN,IND,2009,7.86188883303498,,2022-12-22,South Asia,New Delhi,77.225,28.6353,Lower middle income,IBRD
India,IN,IND,2008,3.08669805953289,,2022-12-22,South Asia,New Delhi,77.225,28.6353,Lower middle income,IBRD
India,IN,IND,2007,7.66081506504928,,2022-12-22,South Asia,New Delhi,77.225,28.6353,Lower middle income,IBRD
India,IN,IND,2006,8.06073257303272,,2022-12-22,South Asia,New Delhi,77.225,28.6353,Lower middle income,IBRD
India,IN,IND,2005,7.92343062149763,,2022-12-22,South Asia,New Delhi,77.225,28.6353,Lower middle income,IBRD
India,IN,IND,2004,7.92293661286503,,2022-12-22,South Asia,New Delhi,77.225,28.6353,Lower middle income,IBRD
India,IN,IND,2003,7.86038147553259,,2022-12-22,South Asia,New Delhi,77.225,28.6353,Lower middle income,IBRD
India,IN,IND,2002,3.8039753213758,,2022-12-22,South Asia,New Delhi,77.225,28.6353,Lower middle income,IBRD
India,IN,IND,2001,4.82396626390641,,2022-12-22,South Asia,New Delhi,77.225,28.6353,Lower middle income,IBRD
India,IN,IND,2000,3.84099115681285,,2022-12-22,South Asia,New Delhi,77.225,28.6353,Lower middle income,IBRD
India,IN,IND,1999,8.84575556105509,,2022-12-22,South Asia,New Delhi,77.225,28.6353,Lower middle income,IBRD
India,IN,IND,1998,6.18441582090618,,2022-12-22,South Asia,New Delhi,77.225,28.6353,Lower middle income,IBRD
India,IN,IND,1997,4.0498208490926,,2022-12-22,South Asia,New Delhi,77.225,28.6353,Lower middle income,IBRD
India,IN,IND,1996,7.5495222488198,,2022-12-22,South Asia,New Delhi,77.225,28.6353,Lower middle income,IBRD
India,IN,IND,1995,7.57449184032379,,2022-12-22,South Asia,New Delhi,77.225,28.6353,Lower middle income,IBRD
India,IN,IND,1994,6.65892406734025,,2022-12-22,South Asia,New Delhi,77.225,28.6353,Lower middle income,IBRD
India,IN,IND,1993,4.75077621965234,,2022-12-22,South Asia,New Delhi,77.225,28.6353,Lower middle income,IBRD
India,IN,IND,1992,5.48239602167047,,2022-12-22,South Asia,New Delhi,77.225,28.6353,Lower middle income,IBRD
India,IN,IND,1991,1.05683143336988,,2022-12-22,South Asia,New Delhi,77.225,28.6353,Lower middle income,IBRD
India,IN,IND,1990,5.53345456125301,,2022-12-22,South Asia,New Delhi,77.225,28.6353,Lower middle income,IBRD
India,IN,IND,1989,5.94734333181324,,2022-12-22,South Asia,New Delhi,77.225,28.6353,Lower middle income,IBRD
India,IN,IND,1988,9.62778291607844,,2022-12-22,South Asia,New Delhi,77.225,28.6353,Lower middle income,IBRD
India,IN,IND,1987,3.96535563481719,,2022-12-22,South Asia,New Delhi,77.225,28.6353,Lower middle income,IBRD
India,IN,IND,1986,4.77656416847516,,2022-12-22,South Asia,New Delhi,77.225,28.6353,Lower middle income,IBRD
India,IN,IND,1985,5.25429922311382,,2022-12-22,South Asia,New Delhi,77.225,28.6353,Lower middle income,IBRD
India,IN,IND,1984,3.82073785610604,,2022-12-22,South Asia,New Delhi,77.225,28.6353,Lower middle income,IBRD
India,IN,IND,1983,7.28889290305703,,2022-12-22,South Asia,New Delhi,77.225,28.6353,Lower middle income,IBRD
India,IN,IND,1982,3.47573323969961,,2022-12-22,South Asia,New Delhi,77.225,28.6353,Lower middle income,IBRD
India,IN,IND,1981,6.00620362601497,,2022-12-22,South Asia,New Delhi,77.225,28.6353,Lower middle income,IBRD
India,IN,IND,1980,6.7358215288198,,2022-12-22,South Asia,New Delhi,77.225,28.6353,Lower middle income,IBRD
India,IN,IND,1979,-5.23818270446218,,2022-12-22,South Asia,New Delhi,77.225,28.6353,Lower middle income,IBRD
India,IN,IND,1978,5.71253208869331,,2022-12-22,South Asia,New Delhi,77.225,28.6353,Lower middle income,IBRD
India,IN,IND,1977,7.25476458760367,,2022-12-22,South Asia,New Delhi,77.225,28.6353,Lower middle income,IBRD
India,IN,IND,1976,1.66310363813034,,2022-12-22,South Asia,New Delhi,77.225,28.6353,Lower middle income,IBRD
India,IN,IND,1975,9.14991201570659,,2022-12-22,South Asia,New Delhi,77.225,28.6353,Lower middle income,IBRD
India,IN,IND,1974,1.18533625466961,,2022-12-22,South Asia,New Delhi,77.225,28.6353,Lower middle income,IBRD
India,IN,IND,1973,3.29552113471652,,2022-12-22,South Asia,New Delhi,77.225,28.6353,Lower middle income,IBRD
India,IN,IND,1972,-0.553301305344547,,2022-12-22,South Asia,New Delhi,77.225,28.6353,Lower middle income,IBRD
India,IN,IND,1971,1.64293037527582,,2022-12-22,South Asia,New Delhi,77.225,28.6353,Lower middle income,IBRD
India,IN,IND,1970,5.15722973718955,,2022-12-22,South Asia,New Delhi,77.225,28.6353,Lower middle income,IBRD
India,IN,IND,1969,6.53970029928357,,2022-12-22,South Asia,New Delhi,77.225,28.6353,Lower middle income,IBRD
India,IN,IND,1968,3.38792917634143,,2022-12-22,South Asia,New Delhi,77.225,28.6353,Lower middle income,IBRD
India,IN,IND,1967,7.82596303082235,,2022-12-22,South Asia,New Delhi,77.225,28.6353,Lower middle income,IBRD
India,IN,IND,1966,-0.0553287704537979,,2022-12-22,South Asia,New Delhi,77.225,28.6353,Lower middle income,IBRD
India,IN,IND,1965,-2.63577011020728,,2022-12-22,South Asia,New Delhi,77.225,28.6353,Lower middle income,IBRD
India,IN,IND,1964,7.45295012250209,,2022-12-22,South Asia,New Delhi,77.225,28.6353,Lower middle income,IBRD
India,IN,IND,1963,5.99435326188559,,2022-12-22,South Asia,New Delhi,77.225,28.6353,Lower middle income,IBRD
India,IN,IND,1962,2.93112773548363,,2022-12-22,South Asia,New Delhi,77.225,28.6353,Lower middle income,IBRD
India,IN,IND,1961,3.72274253311053,,2022-12-22,South Asia,New Delhi,77.225,28.6353,Lower middle income,IBRD
India,IN,IND,1960,NA,,2022-12-22,South Asia,New Delhi,77.225,28.6353,Lower middle income,IBRD
Japan,JP,JPN,2021,1.65707111732294,,2022-12-22,East Asia & Pacific,Tokyo,139.77,35.67,High income,Not classified
Japan,JP,JPN,2020,-4.50690454226634,,2022-12-22,East Asia & Pacific,Tokyo,139.77,35.67,High income,Not classified
Japan,JP,JPN,2019,-0.240350840922716,,2022-12-22,East Asia & Pacific,Tokyo,139.77,35.67,High income,Not classified
Japan,JP,JPN,2018,0.584068067242868,,2022-12-22,East Asia & Pacific,Tokyo,139.77,35.67,High income,Not classified
Japan,JP,JPN,2017,1.67533175166503,,2022-12-22,East Asia & Pacific,Tokyo,139.77,35.67,High income,Not classified
Japan,JP,JPN,2016,0.753826745903538,,2022-12-22,East Asia & Pacific,Tokyo,139.77,35.67,High income,Not classified
Japan,JP,JPN,2015,1.56062669674904,,2022-12-22,East Asia & Pacific,Tokyo,139.77,35.67,High income,Not classified
Japan,JP,JPN,2014,0.296205514142628,,2022-12-22,East Asia & Pacific,Tokyo,139.77,35.67,High income,Not classified
Japan,JP,JPN,2013,2.0051001767726,,2022-12-22,East Asia & Pacific,Tokyo,139.77,35.67,High income,Not classified
Japan,JP,JPN,2012,1.37475099920874,,2022-12-22,East Asia & Pacific,Tokyo,139.77,35.67,High income,Not classified
Japan,JP,JPN,2011,0.0238095237748297,,2022-12-22,East Asia & Pacific,Tokyo,139.77,35.67,High income,Not classified
Japan,JP,JPN,2010,4.09791791930137,,2022-12-22,East Asia & Pacific,Tokyo,139.77,35.67,High income,Not classified
Japan,JP,JPN,2009,-5.69323635882266,,2022-12-22,East Asia & Pacific,Tokyo,139.77,35.67,High income,Not classified
Japan,JP,JPN,2008,-1.22428900072828,,2022-12-22,East Asia & Pacific,Tokyo,139.77,35.67,High income,Not classified
Japan,JP,JPN,2007,1.48396941163492,,2022-12-22,East Asia & Pacific,Tokyo,139.77,35.67,High income,Not classified
Japan,JP,JPN,2006,1.37235012762038,,2022-12-22,East Asia & Pacific,Tokyo,139.77,35.67,High income,Not classified
Japan,JP,JPN,2005,1.80390087227372,,2022-12-22,East Asia & Pacific,Tokyo,139.77,35.67,High income,Not classified
Japan,JP,JPN,2004,2.1861156944216,,2022-12-22,East Asia & Pacific,Tokyo,139.77,35.67,High income,Not classified
Japan,JP,JPN,2003,1.53512549928013,,2022-12-22,East Asia & Pacific,Tokyo,139.77,35.67,High income,Not classified
Japan,JP,JPN,2002,0.0419624993125609,,2022-12-22,East Asia & Pacific,Tokyo,139.77,35.67,High income,Not classified
Japan,JP,JPN,2001,0.386103426145752,,2022-12-22,East Asia & Pacific,Tokyo,139.77,35.67,High income,Not classified
Japan,JP,JPN,2000,2.76464755143648,,2022-12-22,East Asia & Pacific,Tokyo,139.77,35.67,High income,Not classified
Japan,JP,JPN,1999,-0.333929957747415,,2022-12-22,East Asia & Pacific,Tokyo,139.77,35.67,High income,Not classified
Japan,JP,JPN,1998,-1.27033049463975,,2022-12-22,East Asia & Pacific,Tokyo,139.77,35.67,High income,Not classified
Japan,JP,JPN,1997,0.981228732132223,,2022-12-22,East Asia & Pacific,Tokyo,139.77,35.67,High income,Not classified
Japan,JP,JPN,1996,3.13387099280445,,2022-12-22,East Asia & Pacific,Tokyo,139.77,35.67,High income,Not classified
Japan,JP,JPN,1995,2.63099961644897,,2022-12-22,East Asia & Pacific,Tokyo,139.77,35.67,High income,Not classified
Japan,JP,JPN,1994,1.08338317429946,,2022-12-22,East Asia & Pacific,Tokyo,139.77,35.67,High income,Not classified
Japan,JP,JPN,1993,-0.459219716150798,,2022-12-22,East Asia & Pacific,Tokyo,139.77,35.67,High income,Not classified
Japan,JP,JPN,1992,0.900586066360461,,2022-12-22,East Asia & Pacific,Tokyo,139.77,35.67,High income,Not classified
Japan,JP,JPN,1991,3.52335723533228,,2022-12-22,East Asia & Pacific,Tokyo,139.77,35.67,High income,Not classified
Japan,JP,JPN,1990,4.84092905745234,,2022-12-22,East Asia & Pacific,Tokyo,139.77,35.67,High income,Not classified
Japan,JP,JPN,1989,4.92578541306383,,2022-12-22,East Asia & Pacific,Tokyo,139.77,35.67,High income,Not classified
Japan,JP,JPN,1988,6.66163652201594,,2022-12-22,East Asia & Pacific,Tokyo,139.77,35.67,High income,Not classified
Japan,JP,JPN,1987,4.64886139754491,,2022-12-22,East Asia & Pacific,Tokyo,139.77,35.67,High income,Not classified
Japan,JP,JPN,1986,3.29404761337059,,2022-12-22,East Asia & Pacific,Tokyo,139.77,35.67,High income,Not classified
Japan,JP,JPN,1985,5.15980790471274,,2022-12-22,East Asia & Pacific,Tokyo,139.77,35.67,High income,Not classified
Japan,JP,JPN,1984,4.41088015361535,,2022-12-22,East Asia & Pacific,Tokyo,139.77,35.67,High income,Not classified
Japan,JP,JPN,1983,3.63019857224671,,2022-12-22,East Asia & Pacific,Tokyo,139.77,35.67,High income,Not classified
Japan,JP,JPN,1982,3.27974274286728,,2022-12-22,East Asia & Pacific,Tokyo,139.77,35.67,High income,Not classified
Japan,JP,JPN,1981,4.26062449346863,,2022-12-22,East Asia & Pacific,Tokyo,139.77,35.67,High income,Not classified
Japan,JP,JPN,1980,2.81759120761602,,2022-12-22,East Asia & Pacific,Tokyo,139.77,35.67,High income,Not classified
Japan,JP,JPN,1979,5.48404183248661,,2022-12-22,East Asia & Pacific,Tokyo,139.77,35.67,High income,Not classified
Japan,JP,JPN,1978,5.27194150290775,,2022-12-22,East Asia & Pacific,Tokyo,139.77,35.67,High income,Not classified
Japan,JP,JPN,1977,4.39033795032562,,2022-12-22,East Asia & Pacific,Tokyo,139.77,35.67,High income,Not classified
Japan,JP,JPN,1976,3.97498409121211,,2022-12-22,East Asia & Pacific,Tokyo,139.77,35.67,High income,Not classified
Japan,JP,JPN,1975,3.09157591622022,,2022-12-22,East Asia & Pacific,Tokyo,139.77,35.67,High income,Not classified
Japan,JP,JPN,1974,-1.22523982778432,,2022-12-22,East Asia & Pacific,Tokyo,139.77,35.67,High income,Not classified
Japan,JP,JPN,1973,8.03259997495039,,2022-12-22,East Asia & Pacific,Tokyo,139.77,35.67,High income,Not classified
Japan,JP,JPN,1972,8.413547255176,,2022-12-22,East Asia & Pacific,Tokyo,139.77,35.67,High income,Not classified
Japan,JP,JPN,1971,4.6989920423419,,2022-12-22,East Asia & Pacific,Tokyo,139.77,35.67,High income,Not classified
Japan,JP,JPN,1970,2.45495838398273,,2022-12-22,East Asia & Pacific,Tokyo,139.77,35.67,High income,Not classified
Japan,JP,JPN,1969,12.4778945144976,,2022-12-22,East Asia & Pacific,Tokyo,139.77,35.67,High income,Not classified
Japan,JP,JPN,1968,12.8824681383234,,2022-12-22,East Asia & Pacific,Tokyo,139.77,35.67,High income,Not classified
Japan,JP,JPN,1967,11.0821423246929,,2022-12-22,East Asia & Pacific,Tokyo,139.77,35.67,High income,Not classified
Japan,JP,JPN,1966,10.6385615591629,,2022-12-22,East Asia & Pacific,Tokyo,139.77,35.67,High income,Not classified
Japan,JP,JPN,1965,5.81970787298265,,2022-12-22,East Asia & Pacific,Tokyo,139.77,35.67,High income,Not classified
Japan,JP,JPN,1964,11.6767081963977,,2022-12-22,East Asia & Pacific,Tokyo,139.77,35.67,High income,Not classified
Japan,JP,JPN,1963,8.47364238279391,,2022-12-22,East Asia & Pacific,Tokyo,139.77,35.67,High income,Not classified
Japan,JP,JPN,1962,8.90897299558067,,2022-12-22,East Asia & Pacific,Tokyo,139.77,35.67,High income,Not classified
Japan,JP,JPN,1961,12.0435364080116,,2022-12-22,East Asia & Pacific,Tokyo,139.77,35.67,High income,Not classified
Japan,JP,JPN,1960,NA,,2022-12-22,East Asia & Pacific,Tokyo,139.77,35.67,High income,Not classified
United States,US,USA,2021,5.94548476122172,,2022-12-22,North America,Washington D.C.,-77.032,38.8895,High income,Not classified
United States,US,USA,2020,-2.76780251140578,,2022-12-22,North America,Washington D.C.,-77.032,38.8895,High income,Not classified
United States,US,USA,2019,2.29443907769311,,2022-12-22,North America,Washington D.C.,-77.032,38.8895,High income,Not classified
United States,US,USA,2018,2.9453848312678,,2022-12-22,North America,Washington D.C.,-77.032,38.8895,High income,Not classified
United States,US,USA,2017,2.24192121597748,,2022-12-22,North America,Washington D.C.,-77.032,38.8895,High income,Not classified
United States,US,USA,2016,1.66747207596187,,2022-12-22,North America,Washington D.C.,-77.032,38.8895,High income,Not classified
United States,US,USA,2015,2.70636958176399,,2022-12-22,North America,Washington D.C.,-77.032,38.8895,High income,Not classified
United States,US,USA,2014,2.28777593255359,,2022-12-22,North America,Washington D.C.,-77.032,38.8895,High income,Not classified
United States,US,USA,2013,1.84187539518688,,2022-12-22,North America,Washington D.C.,-77.032,38.8895,High income,Not classified
United States,US,USA,2012,2.28068760319185,,2022-12-22,North America,Washington D.C.,-77.032,38.8895,High income,Not classified
United States,US,USA,2011,1.54989495017045,,2022-12-22,North America,Washington D.C.,-77.032,38.8895,High income,Not classified
United States,US,USA,2010,2.70885669419681,,2022-12-22,North America,Washington D.C.,-77.032,38.8895,High income,Not classified
United States,US,USA,2009,-2.59988835108558,,2022-12-22,North America,Washington D.C.,-77.032,38.8895,High income,Not classified
United States,US,USA,2008,0.122188442974647,,2022-12-22,North America,Washington D.C.,-77.032,38.8895,High income,Not classified
United States,US,USA,2007,2.01050755163328,,2022-12-22,North America,Washington D.C.,-77.032,38.8895,High income,Not classified
United States,US,USA,2006,2.78281062584327,,2022-12-22,North America,Washington D.C.,-77.032,38.8895,High income,Not classified
United States,US,USA,2005,3.48322032025258,,2022-12-22,North America,Washington D.C.,-77.032,38.8895,High income,Not classified
United States,US,USA,2004,3.85255260064351,,2022-12-22,North America,Washington D.C.,-77.032,38.8895,High income,Not classified
United States,US,USA,2003,2.7962091006717,,2022-12-22,North America,Washington D.C.,-77.032,38.8895,High income,Not classified
United States,US,USA,2002,1.69594292274957,,2022-12-22,North America,Washington D.C.,-77.032,38.8895,High income,Not classified
United States,US,USA,2001,0.954338728708379,,2022-12-22,North America,Washington D.C.,-77.032,38.8895,High income,Not classified
United States,US,USA,2000,4.07715947941618,,2022-12-22,North America,Washington D.C.,-77.032,38.8895,High income,Not classified
United States,US,USA,1999,4.79449904467508,,2022-12-22,North America,Washington D.C.,-77.032,38.8895,High income,Not classified
United States,US,USA,1998,4.48139443155316,,2022-12-22,North America,Washington D.C.,-77.032,38.8895,High income,Not classified
United States,US,USA,1997,4.44717494524525,,2022-12-22,North America,Washington D.C.,-77.032,38.8895,High income,Not classified
United States,US,USA,1996,3.77256549921414,,2022-12-22,North America,Washington D.C.,-77.032,38.8895,High income,Not classified
United States,US,USA,1995,2.68421727207786,,2022-12-22,North America,Washington D.C.,-77.032,38.8895,High income,Not classified
United States,US,USA,1994,4.02879325991903,,2022-12-22,North America,Washington D.C.,-77.032,38.8895,High income,Not classified
United States,US,USA,1993,2.75178105096643,,2022-12-22,North America,Washington D.C.,-77.032,38.8895,High income,Not classified
United States,US,USA,1992,3.52244052740502,,2022-12-22,North America,Washington D.C.,-77.032,38.8895,High income,Not classified
United States,US,USA,1991,-0.108264790855543,,2022-12-22,North America,Washington D.C.,-77.032,38.8895,High income,Not classified
United States,US,USA,1990,1.88596495668033,,2022-12-22,North America,Washington D.C.,-77.032,38.8895,High income,Not classified
United States,US,USA,1989,3.67264814950788,,2022-12-22,North America,Washington D.C.,-77.032,38.8895,High income,Not classified
United States,US,USA,1988,4.177061291404,,2022-12-22,North America,Washington D.C.,-77.032,38.8895,High income,Not classified
United States,US,USA,1987,3.45925198973302,,2022-12-22,North America,Washington D.C.,-77.032,38.8895,High income,Not classified
United States,US,USA,1986,3.4626459710688,,2022-12-22,North America,Washington D.C.,-77.032,38.8895,High income,Not classified
United States,US,USA,1985,4.16965622337729,,2022-12-22,North America,Washington D.C.,-77.032,38.8895,High income,Not classified
United States,US,USA,1984,7.23663315018621,,2022-12-22,North America,Washington D.C.,-77.032,38.8895,High income,Not classified
United States,US,USA,1983,4.58391335530169,,2022-12-22,North America,Washington D.C.,-77.032,38.8895,High income,Not classified
United States,US,USA,1982,-1.80288740885109,,2022-12-22,North America,Washington D.C.,-77.032,38.8895,High income,Not classified
United States,US,USA,1981,2.53771930714828,,2022-12-22,North America,Washington D.C.,-77.032,38.8895,High income,Not classified
United States,US,USA,1980,-0.256749673873159,,2022-12-22,North America,Washington D.C.,-77.032,38.8895,High income,Not classified
United States,US,USA,1979,3.16614530778003,,2022-12-22,North America,Washington D.C.,-77.032,38.8895,High income,Not classified
United States,US,USA,1978,5.53530495839769,,2022-12-22,North America,Washington D.C.,-77.032,38.8895,High income,Not classified
United States,US,USA,1977,4.62415306482367,,2022-12-22,North America,Washington D.C.,-77.032,38.8895,High income,Not classified
United States,US,USA,1976,5.38813928726294,,2022-12-22,North America,Washington D.C.,-77.032,38.8895,High income,Not classified
United States,US,USA,1975,-0.20545606501301,,2022-12-22,North America,Washington D.C.,-77.032,38.8895,High income,Not classified
United States,US,USA,1974,-0.540551651583186,,2022-12-22,North America,Washington D.C.,-77.032,38.8895,High income,Not classified
United States,US,USA,1973,5.645722556183,,2022-12-22,North America,Washington D.C.,-77.032,38.8895,High income,Not classified
United States,US,USA,1972,5.25890735705133,,2022-12-22,North America,Washington D.C.,-77.032,38.8895,High income,Not classified
United States,US,USA,1971,3.29335163921785,,2022-12-22,North America,Washington D.C.,-77.032,38.8895,High income,Not classified
United States,US,USA,1970,-0.283491263214827,,2022-12-22,North America,Washington D.C.,-77.032,38.8895,High income,Not classified
United States,US,USA,1969,3.09999999999999,,2022-12-22,North America,Washington D.C.,-77.032,38.8895,High income,Not classified
United States,US,USA,1968,4.79999999999959,,2022-12-22,North America,Washington D.C.,-77.032,38.8895,High income,Not classified
United States,US,USA,1967,2.50000000000003,,2022-12-22,North America,Washington D.C.,-77.032,38.8895,High income,Not classified
United States,US,USA,1966,6.50000000000028,,2022-12-22,North America,Washington D.C.,-77.032,38.8895,High income,Not classified
United States,US,USA,1965,6.39999999999976,,2022-12-22,North America,Washington D.C.,-77.032,38.8895,High income,Not classified
United States,US,USA,1964,5.8000000000003,,2022-12-22,North America,Washington D.C.,-77.032,38.8895,High income,Not classified
United States,US,USA,1963,4.39999999999992,,2022-12-22,North America,Washington D.C.,-77.032,38.8895,High income,Not classified
United States,US,USA,1962,6.10000000000012,,2022-12-22,North America,Washington D.C.,-77.032,38.8895,High income,Not classified
United States,US,USA,1961,2.29999999999968,,2022-12-22,North America,Washington D.C.,-77.032,38.8895,High income,Not classified
United States,US,USA,1960,NA,,2022-12-22,North America,Washington D.C.,-77.032,38.8895,High income,Not classified
